{"cameraMode":{"drawMode":0,"name":"Shaded","section":"Shading Mode"},"sceneLighting":false,"audioPlay":false,"sceneViewState":{"showFog":true,"showMaterialUpdate":false,"showSkybox":false,"showFlares":true,"showImageEffects":true,"showParticleSystems":true},"in2DMode":false,"pivot":{"x":538.8277587890625,"y":121.38963317871094,"z":-136.41465759277345},"rotation":{"x":-0.012261703610420227,"y":0.9795442819595337,"z":-0.19073280692100526,"w":-0.06297227740287781},"size":66.28392791748047,"orthographic":false}