{"cameraMode":{"drawMode":0,"name":"Shaded","section":"Shading Mode"},"sceneLighting":false,"audioPlay":false,"sceneViewState":{"showFog":true,"showMaterialUpdate":false,"showSkybox":false,"showFlares":true,"showImageEffects":true,"showParticleSystems":true},"in2DMode":false,"pivot":{"x":-0.027888774871826173,"y":7.963769912719727,"z":0.09900188446044922},"rotation":{"x":0.00006686931737931445,"y":0.9750627875328064,"z":-0.22194674611091615,"w":0.0002934843359980732},"size":2.022202730178833,"orthographic":true}